Duraznos,1990
Nectarines,1990
Exclusivo Internet,3040
Exclusivo Internet,3180
Exclusivo Internet,3980
Exclusivo Internet,4670
Exclusivo Internet,5080
Exclusivo Internet,8600
Plátano,1050
Papas,2190
Tomates,1350
Champiñones,1050
Zapallo,610
Papas,5390
Palta,4990
Zanahoria,850
Limones,990
Cebolla,990
Pimiento,1450
Espinaca,950
Pepino,550
Lechuga,790
Champiñones,2150
Naranjas,3590
Zapallo,1590
Limones,1790
Naranjas,1590
Piña,1690
Frutillas,2690
Lechuga,850
Pimiento,750
Ajo,950
Papas,1290
Papas,1890
Apio,1050
Naranjas,5290
Lechuga,1390
Cilantro,620
Kiwi,3290
Tomates,1290
